,SNP,Chr,Pos,P.value,MAF,traits
X268,SARAHY.BAILEYII.GNM1.CHR02_5617272, 2,  5617272,2.447922e-09,0.16226415,FarmCPU.mean_pod_area
X1889,SARAHY.BAILEYII.GNM1.CHR05_109233991, 5,109233991,3.675590e-12,0.21320755,FarmCPU.mean_pod_area
X3334,SARAHY.BAILEYII.GNM1.CHR11_136278391,11,136278391,7.101279e-06,0.02641509,FarmCPU.mean_pod_area
X5249,SARAHY.BAILEYII.GNM1.CHR16_146184027,16,146184027,5.683430e-10,0.12075472,FarmCPU.mean_pod_area
X5747,SARAHY.BAILEYII.GNM1.CHR19_124103,19,   124103,4.010702e-06,0.37169811,FarmCPU.mean_pod_area
X268.1,SARAHY.BAILEYII.GNM1.CHR02_5617272, 2,  5617272,1.438216e-07,0.162264151,FarmCPU.mean_pod_width
X314,SARAHY.BAILEYII.GNM1.CHR02_11376738, 2, 11376738,5.005242e-08,0.207547170,FarmCPU.mean_pod_width
X1182,SARAHY.BAILEYII.GNM1.CHR04_113597560, 4,113597560,5.668159e-06,0.150943396,FarmCPU.mean_pod_width
X3855,SARAHY.BAILEYII.GNM1.CHR13_8856195,13,  8856195,8.129841e-09,0.013207547,FarmCPU.mean_pod_width
X4829,SARAHY.BAILEYII.GNM1.CHR15_103677393,15,103677393,5.310101e-06,0.009433962,FarmCPU.mean_pod_width
X4837,SARAHY.BAILEYII.GNM1.CHR15_115225902,15,115225902,2.205572e-09,0.084905660,FarmCPU.mean_pod_width
X5235,SARAHY.BAILEYII.GNM1.CHR16_142180144,16,142180144,4.352427e-09,0.158490566,FarmCPU.mean_pod_width
X5747.1,SARAHY.BAILEYII.GNM1.CHR19_124103,19,   124103,3.693463e-09,0.371698113,FarmCPU.mean_pod_width
X268.2,SARAHY.BAILEYII.GNM1.CHR02_5617272, 2,  5617272,1.624676e-08,265,BLINK.mean_pod_area
X1889.1,SARAHY.BAILEYII.GNM1.CHR05_109233991, 5,109233991,7.791578e-14,265,BLINK.mean_pod_area
X2231,SARAHY.BAILEYII.GNM1.CHR06_117257139, 6,117257139,1.753846e-06,265,BLINK.mean_pod_area
X5249.1,SARAHY.BAILEYII.GNM1.CHR16_146184027,16,146184027,2.903215e-07,265,BLINK.mean_pod_area
X5747.2,SARAHY.BAILEYII.GNM1.CHR19_124103,19,   124103,3.559075e-09,265,BLINK.mean_pod_area
X2175,SARAHY.BAILEYII.GNM1.CHR06_110766669, 6,110766669,4.446697e-21,265,BLINK.mean_pod_width
X2656,SARAHY.BAILEYII.GNM1.CHR08_43997335, 8, 43997335,3.390093e-10,265,BLINK.mean_pod_width
X3470,SARAHY.BAILEYII.GNM1.CHR12_3709432,12,  3709432,6.202985e-13,265,BLINK.mean_pod_width
X3887,SARAHY.BAILEYII.GNM1.CHR13_21016963,13, 21016963,1.063169e-06,265,BLINK.mean_pod_width
X4753,SARAHY.BAILEYII.GNM1.CHR15_28094282,15, 28094282,1.605582e-11,265,BLINK.mean_pod_width
X4754,SARAHY.BAILEYII.GNM1.CHR15_28100184,15, 28100184,4.561153e-09,265,BLINK.mean_pod_width
X4758,SARAHY.BAILEYII.GNM1.CHR15_30986366,15, 30986366,3.685294e-06,265,BLINK.mean_pod_width
X4811,SARAHY.BAILEYII.GNM1.CHR15_74750083,15, 74750083,3.740564e-14,265,BLINK.mean_pod_width
X4849,SARAHY.BAILEYII.GNM1.CHR15_123013777,15,123013777,4.970636e-09,265,BLINK.mean_pod_width
X5157,SARAHY.BAILEYII.GNM1.CHR16_109313353,16,109313353,1.869370e-07,265,BLINK.mean_pod_width
X5748,SARAHY.BAILEYII.GNM1.CHR19_659227,19,   659227,5.602681e-09,265,BLINK.mean_pod_width
2175,SARAHY.BAILEYII.GNM1.CHR06_110766669, 6,110766669,5.221553e-07,0.0754717,MLMM.mean_pod_width
3470,SARAHY.BAILEYII.GNM1.CHR12_3709432,12,  3709432,6.883873e-06,0.1716981,MLMM.mean_pod_width
5748,SARAHY.BAILEYII.GNM1.CHR19_659227,19,   659227,7.631389e-06,0.3622642,MLMM.mean_pod_width
