SNP,Chromosome,Position,P.value,MAF,nobs,H&B.P.Value,Effect,Phenotype_Variance_Explained(%)
SARAHY.BAILEYII.GNM1.CHR06_110766669,6,110766669,4.44669658182558e-21,265,0.957923199387395,0.0754716981132075,NA,14.6178893417615
SARAHY.BAILEYII.GNM1.CHR08_43997335,8,43997335,3.39009333639062e-10,265,0.368748024998597,0.0641509433962264,NA,3.05233857703594
SARAHY.BAILEYII.GNM1.CHR12_3709432,12,3709432,6.20298498866133e-13,265,0.873064169870336,0.171698113207547,NA,7.35410866952834
SARAHY.BAILEYII.GNM1.CHR13_21016963,13,21016963,1.06316930391417e-06,265,-0.296944412209346,0.0490566037735849,NA,2.39179388647475
SARAHY.BAILEYII.GNM1.CHR15_28094282,15,28094282,1.60558249748504e-11,265,-0.619233938023601,0.245283018867924,NA,6.58334597092275
SARAHY.BAILEYII.GNM1.CHR15_28100184,15,28100184,4.561153111373e-09,265,0.556144211029107,0.130188679245283,NA,2.05827811122182
SARAHY.BAILEYII.GNM1.CHR15_30986366,15,30986366,3.68529434352715e-06,265,0.509352525307023,0.0150943396226415,NA,4.70640173782175
SARAHY.BAILEYII.GNM1.CHR15_74750083,15,74750083,3.74056423106752e-14,265,0.778563835563951,0.10188679245283,NA,9.96798904946813
SARAHY.BAILEYII.GNM1.CHR15_123013777,15,123013777,4.97063611952596e-09,265,0.583033203980222,0.0622641509433962,NA,4.54342090066289
SARAHY.BAILEYII.GNM1.CHR16_109313353,16,109313353,1.86937004352804e-07,265,0.253992693019891,0.156603773584906,NA,3.38075294026339
SARAHY.BAILEYII.GNM1.CHR19_659227,19,659227,5.60268126320078e-09,265,0.179707838201646,0.362264150943396,NA,1.14978000789055
